{"schemaVersion":"1.0","appDefinitionTemplate":{"id":"/providers/Microsoft.PowerApps/apps/","type":"Microsoft.PowerApps/apps","tags":{"primaryDeviceWidth":"1366","primaryDeviceHeight":"768","supportsPortrait":"true","supportsLandscape":"true","primaryFormFactor":"Tablet","showStatusBar":"false","publisherVersion":"3.25054.3","minimumRequiredApiVersion":"2.2.0","hasComponent":"false","hasUnlockedComponent":"false","isUnifiedRootApp":"false","sienaVersion":"20250608T065541Z-3.25054.3.0"},"properties":{"appVersion":"2025-06-08T06:55:41Z","lifeCycleId":"Published","createdByClientVersion":{"major":3,"minor":25054,"build":3,"revision":0,"majorRevision":0,"minorRevision":0},"minClientVersion":{"major":3,"minor":25054,"build":3,"revision":0,"majorRevision":0,"minorRevision":0},"backgroundColor":"RGBA(0,176,240,1)","backgroundImageUri":"/17349935089491597450/N509a7299-5e52-4e1d-902b-b314a640eff2-logoSmallFile","displayName":"Event Management MVP","description":"This app helps bank staff manage events by creating, tracking, and analyzing client engagement. It includes event creation, client nomination based on financial criteria, QR-based attendance, and post-event reports. An integrated AI assistant also answers banking-related queries through a simple chat interface.","commitMessage":"Save app with description provided in publish dialog.","appUris":{"documentUri":{"value":"/17349935089491597450/N34310bcb-7e89-4b6c-a14f-937d175af7f5-document.msapp"},"imageUris":[],"additionalUris":[{"isSolutionAware":false,"value":"/17349935089491597450/N5b5bc106-ff26-427b-a8f8-5dcdb4844a15-identity.json"}]},"createdTime":"0001-01-01T00:00:00Z","lastModifiedTime":"0001-01-01T00:00:00Z","sharedGroupsCount":0,"sharedUsersCount":0,"connectionReferences":{"c9961f51-4838-4180-8545-d94dc366618d":{"id":"17ed633b-1bea-4abd-8d25-e85f89aee0b8","displayName":"SQL Server","runtimePolicyName":"729be04c-ed91-4016-ac3d-60f195624d55","executionRestrictions":{"version":2,"modifiedOn":"2025-06-08 06:55:39","appVer":"3.25054.3","apiId":"/providers/microsoft.powerapps/apis/shared_sql","apiVer":2,"policy":"{\"tabularActions\":{\"[dbo].[eventinfo]\":[\"post\",\"patch\",\"get\"],\"[dbo].[selectioncriteria]\":[\"get\"],\"[dbo].[existingclients]\":[\"get\"],\"[dbo].[prospectcustomers]\":[\"get\"]},\"serviceActions\":[]}"},"iconUri":"https://conn-afd-prod-endpoint-bmc9bqahasf3grgk.b01.azurefd.net/releases/v1.0.1746/1.0.1746.4174/sql/icon.png","dataSources":["EventInfo"],"dependencies":[],"dependents":[],"parameterHints":{},"parameterHintsV2":{},"isOnPremiseConnection":false,"sharedConnectionId":"3ca9cb21-4c6c-4b61-b3be-a7a93c5f8cee","bypassConsent":false,"dataSets":{"lastcall.database.windows.net,finalDB":{"dataSources":{"EventInfo":{"tableName":"[dbo].[EventInfo]"}}}},"apiTier":"Premium","isCustomApiConnection":false,"authenticationType":"sqlAuthentication","actions":["providers/PowerPlatform.Governance/Operations/Read","providers/PowerPlatform.Governance/Operations/Write"],"endpoints":["lastcall.database.windows.net,finalDB"]},"8836b6e9-4dcd-46df-8a11-c9a8fb927a1d":{"id":"17ed633b-1bea-4abd-8d25-e85f89aee0b8","displayName":"SQL Server","runtimePolicyName":"4ad2eddc-c822-49c1-b0e9-99984dbb4347","executionRestrictions":{"version":2,"modifiedOn":"2025-06-08 06:55:39","appVer":"3.25054.3","apiId":"/providers/microsoft.powerapps/apis/shared_sql","apiVer":2,"policy":"{\"tabularActions\":{\"[dbo].[eventinfo]\":[\"post\",\"patch\",\"get\"],\"[dbo].[selectioncriteria]\":[\"get\"],\"[dbo].[existingclients]\":[\"get\"],\"[dbo].[prospectcustomers]\":[\"get\"]},\"serviceActions\":[]}"},"iconUri":"https://conn-afd-prod-endpoint-bmc9bqahasf3grgk.b01.azurefd.net/releases/v1.0.1746/1.0.1746.4174/sql/icon.png","dataSources":["SelectionCriteria"],"dependencies":[],"dependents":[],"parameterHints":{},"parameterHintsV2":{},"isOnPremiseConnection":false,"sharedConnectionId":"06d96d1e-69df-4f82-a092-d9807f717a0c","bypassConsent":false,"dataSets":{"lastcall.database.windows.net,finalDB":{"dataSources":{"SelectionCriteria":{"tableName":"[dbo].[SelectionCriteria]"}}}},"apiTier":"Premium","isCustomApiConnection":false,"authenticationType":"sqlAuthentication","actions":["providers/PowerPlatform.Governance/Operations/Read"],"endpoints":["lastcall.database.windows.net,finalDB"]},"ea6a9bb5-8567-4f30-b84e-4bf25c19b46f":{"id":"17ed633b-1bea-4abd-8d25-e85f89aee0b8","displayName":"SQL Server","runtimePolicyName":"7ed1533b-949d-48a4-b8f2-0ba6a59e1cf8","executionRestrictions":{"version":2,"modifiedOn":"2025-06-08 06:55:39","appVer":"3.25054.3","apiId":"/providers/microsoft.powerapps/apis/shared_sql","apiVer":2,"policy":"{\"tabularActions\":{\"[dbo].[eventinfo]\":[\"post\",\"patch\",\"get\"],\"[dbo].[selectioncriteria]\":[\"get\"],\"[dbo].[existingclients]\":[\"get\"],\"[dbo].[prospectcustomers]\":[\"get\"]},\"serviceActions\":[]}"},"iconUri":"https://conn-afd-prod-endpoint-bmc9bqahasf3grgk.b01.azurefd.net/releases/v1.0.1746/1.0.1746.4174/sql/icon.png","dataSources":["ExistingClients"],"dependencies":[],"dependents":[],"parameterHints":{},"parameterHintsV2":{},"isOnPremiseConnection":false,"sharedConnectionId":"942bd0e2-91a7-43da-86a6-8f523ee30769","bypassConsent":false,"dataSets":{"lastcall.database.windows.net,finalDB":{"dataSources":{"ExistingClients":{"tableName":"[dbo].[ExistingClients]"}}}},"apiTier":"Premium","isCustomApiConnection":false,"authenticationType":"sqlAuthentication","actions":["providers/PowerPlatform.Governance/Operations/Read"],"endpoints":["lastcall.database.windows.net,finalDB"]},"e7a51bc1-e40f-40a7-86be-0384a2754db7":{"id":"17ed633b-1bea-4abd-8d25-e85f89aee0b8","displayName":"SQL Server","runtimePolicyName":"9036a949-7764-4d7a-ae38-9682382ddf71","executionRestrictions":{"version":2,"modifiedOn":"2025-06-08 06:55:39","appVer":"3.25054.3","apiId":"/providers/microsoft.powerapps/apis/shared_sql","apiVer":2,"policy":"{\"tabularActions\":{\"[dbo].[eventinfo]\":[\"post\",\"patch\",\"get\"],\"[dbo].[selectioncriteria]\":[\"get\"],\"[dbo].[existingclients]\":[\"get\"],\"[dbo].[prospectcustomers]\":[\"get\"]},\"serviceActions\":[]}"},"iconUri":"https://conn-afd-prod-endpoint-bmc9bqahasf3grgk.b01.azurefd.net/releases/v1.0.1746/1.0.1746.4174/sql/icon.png","dataSources":["ProspectCustomers"],"dependencies":[],"dependents":[],"parameterHints":{},"parameterHintsV2":{},"isOnPremiseConnection":false,"sharedConnectionId":"bcd62588-499a-4b1f-b5a1-33439f8ec6ad","bypassConsent":false,"dataSets":{"lastcall.database.windows.net,finalDB":{"dataSources":{"ProspectCustomers":{"tableName":"[dbo].[ProspectCustomers]"}}}},"apiTier":"Premium","isCustomApiConnection":false,"authenticationType":"sqlAuthentication","actions":["providers/PowerPlatform.Governance/Operations/Read"],"endpoints":["lastcall.database.windows.net,finalDB"]},"0aa4adef-90ab-48bf-a24d-c67c1be11fe4":{"id":"17ed633b-1bea-4abd-8d25-e85f89aee0b8","displayName":"SQL Server","runtimePolicyName":"26bedd62-802c-4f32-945e-74b7dfe997d1","executionRestrictions":{"version":2,"modifiedOn":"2025-06-08 06:55:39","appVer":"3.25054.3","apiId":"/providers/microsoft.powerapps/apis/shared_sql","apiVer":2,"policy":"{\"tabularActions\":{\"[dbo].[eventinfo]\":[\"post\",\"patch\",\"get\"],\"[dbo].[selectioncriteria]\":[\"get\"],\"[dbo].[existingclients]\":[\"get\"],\"[dbo].[prospectcustomers]\":[\"get\"]},\"serviceActions\":[]}"},"iconUri":"https://conn-afd-prod-endpoint-bmc9bqahasf3grgk.b01.azurefd.net/releases/v1.0.1746/1.0.1746.4174/sql/icon.png","dataSources":["nominations"],"dependencies":[],"dependents":[],"parameterHints":{},"parameterHintsV2":{},"isOnPremiseConnection":false,"sharedConnectionId":"725bb189-b557-40fe-8396-cee9d1543822","bypassConsent":false,"dataSets":{"lastcall.database.windows.net,finalDB":{"dataSources":{"nominations":{"tableName":"[dbo].[nominations]"}}}},"apiTier":"Premium","isCustomApiConnection":false,"authenticationType":"sqlAuthentication","endpoints":["lastcall.database.windows.net,finalDB"]},"14b43954-4603-49ea-aa2b-49866aa16fe7":{"id":"17ed633b-1bea-4abd-8d25-e85f89aee0b8","displayName":"SQL Server","runtimePolicyName":"786a6efb-a98a-4481-bf1c-7920ad552777","executionRestrictions":{"version":2,"modifiedOn":"2025-06-08 06:55:39","appVer":"3.25054.3","apiId":"/providers/microsoft.powerapps/apis/shared_sql","apiVer":2,"policy":"{\"tabularActions\":{\"[dbo].[eventinfo]\":[\"post\",\"patch\",\"get\"],\"[dbo].[selectioncriteria]\":[\"get\"],\"[dbo].[existingclients]\":[\"get\"],\"[dbo].[prospectcustomers]\":[\"get\"]},\"serviceActions\":[]}"},"iconUri":"https://conn-afd-prod-endpoint-bmc9bqahasf3grgk.b01.azurefd.net/releases/v1.0.1746/1.0.1746.4174/sql/icon.png","dataSources":["ExistingClients_1"],"dependencies":[],"dependents":[],"parameterHints":{},"parameterHintsV2":{},"isOnPremiseConnection":false,"sharedConnectionId":"245066f1-f84f-4f8e-85d3-b0dcee6eee7e","bypassConsent":false,"dataSets":{"lastcall.database.windows.net,finalDB":{"dataSources":{"ExistingClients_1":{"tableName":"[dbo].[ExistingClients]"}}}},"apiTier":"Premium","isCustomApiConnection":false,"authenticationType":"sqlAuthentication","endpoints":["lastcall.database.windows.net,finalDB"]},"8bfcc81c-3e86-4f36-93c8-c8c1f628e5ca":{"id":"51f39bc3-e376-476b-b168-3f5df3dc0846","displayName":"Logic flows","iconUri":"https://conn-afd-prod-endpoint-bmc9bqahasf3grgk.b01.azurefd.net/v1.0.1752/1.0.1752.4216/logicflows/icon.png","dataSources":["PowerAppV2->HTTP"],"dependencies":[],"dependents":[],"parameterHints":{"workflowName":{"value":"6ed8ce6e-c8d4-46e9-8029-a063e010e576"},"workflowEntityId":{},"workflowDisplayName":{"value":"OpenAIChatBot"}},"parameterHintsV2":{"workflowName":{"value":"6ed8ce6e-c8d4-46e9-8029-a063e010e576"},"workflowEntityId":{},"workflowDisplayName":{"value":"OpenAIChatBot"}},"isOnPremiseConnection":false,"bypassConsent":false,"dataSets":{},"apiTier":"Standard","isCustomApiConnection":false,"nestedActions":[]}},"databaseReferences":{"default.cds":{"databaseDetails":{"referenceType":"Environmental","environmentName":"default.cds","overrideValues":{"status":"NotSpecified","environmentVariableName":""}},"dataSources":{"Users":{"entitySetName":"crc6f_users","logicalName":"crc6f_user","isHidden":false},"New_Events":{"entitySetName":"crc6f_new_events","logicalName":"crc6f_new_event","isHidden":false},"Event_managers":{"entitySetName":"crc6f_event_managers","logicalName":"crc6f_event_manager","isHidden":false}},"actions":["providers/PowerPlatform.Governance/Operations/Read"]}},"almMode":"Environment","performanceOptimizationEnabled":true,"canConsumeAppPass":true,"enableModernRuntimeMode":false,"executionRestrictions":{"isTeamsOnly":false,"dataLossPreventionEvaluationResult":{"status":"Compliant","lastEvaluationDate":"2025-06-08T06:55:44.9079653Z","violations":[],"violationsByPolicy":[],"violationErrorMessage":"The app uses the following connectors: shared_sql, shared_logicflows, shared_commondataservice."},"httpActionRestriction":{"appUsesSharepointHttpAction":false,"enforcementStrategy":"Legacy","evaluationTime":"2025-06-08T06:55:44.9078921Z"}}},"isAppComponentLibrary":false,"appType":"ClassicCanvasApp","appComponents":[]}}